<?xml version="1.0" encoding="UTF-8"?>
<project-private xmlns="http://www.netbeans.org/ns/project-private/1">
    <editor-bookmarks xmlns="http://www.netbeans.org/ns/editor-bookmarks/2" lastBookmarkId="0"/>
    <open-files xmlns="http://www.netbeans.org/ns/projectui-open-files/2">
        <group>
            <file>file:/Users/home/NetBeansProjects/Tarea3/src/Tar3/Ejer3.java</file>
            <file>file:/Users/home/NetBeansProjects/Tarea3/src/Tar3/Ejer1.java</file>
            <file>file:/Users/home/NetBeansProjects/Tarea3/src/Tar3/Ejer5.java</file>
            <file>file:/Users/home/NetBeansProjects/Tarea3/src/Tar3/Ejer2.java</file>
            <file>file:/Users/home/NetBeansProjects/Tarea3/src/Tar3/Ejer4.java</file>
        </group>
    </open-files>
</project-private>
